case_id	submitter_id	project_id	gender	year_of_birth	race	ethnicity	year_of_death	classification_of_tumor	last_known_disease_status	primary_diagnosis	tumor_stage	age_at_diagnosis	vital_status	morphology	days_to_death	days_to_last_known_disease_status	days_to_recurrence	tumor_grade	tissue_or_organ_of_origin	days_to_birth	progression_or_recurrence	prior_malignancy	site_of_resection_or_biopsy	days_to_last_follow_up	therapeutic_agents	treatment_intent_type	treatment_or_therapy
7317e605-93ba-49a9-8743-20613b02767a	TCGA-E2-A1LE	TCGA-BRCA	female	1937	white	not hispanic or latino	2010	not reported	not reported	C50.9	stage iiic	26239	dead	8500/3	879.0	--	--	not reported	C50.9	-26239.0	not reported	not reported	C50.9	--	--	--	--
9964f447-92ad-4d1e-af20-11cf84fab7b0	TCGA-B6-A408	TCGA-BRCA	female	1953	black or african american	not hispanic or latino	--	not reported	not reported	C50.9	stage iiic	20102	alive	8522/3	--	--	--	not reported	C50.9	-20102.0	not reported	not reported	C50.9	2072.0	--	--	--
3558dec7-eae3-4a41-a217-266c6a4535fb	TCGA-E2-A1LI	TCGA-BRCA	female	1946	white	not hispanic or latino	--	not reported	not reported	C50.9	stage iib	21064	alive	8500/3	--	--	--	not reported	C50.9	-21064.0	not reported	not reported	C50.9	3121.0	--	--	--
408cb583-6dc3-4698-8bd2-e284042bd5ef	TCGA-E9-A1RH	TCGA-BRCA	female	1948	white	not hispanic or latino	--	not reported	not reported	C50.9	stage iia	23224	alive	8500/3	--	--	--	not reported	C50.9	-23224.0	not reported	not reported	C50.9	1417.0	--	--	--
eff2360e-399a-4167-ab2b-798e27bef739	TCGA-E2-A107	TCGA-BRCA	female	1954	white	not hispanic or latino	--	not reported	not reported	C50.9	stage iiia	20065	alive	8520/3	--	--	--	not reported	C50.9	-20065.0	not reported	not reported	C50.9	1047.0	--	--	--
a851ca14-7bbf-455b-a054-ec03979a4247	TCGA-BH-A0DQ	TCGA-BRCA	female	1967	white	not reported	--	not reported	not reported	C50.9	stage iib	15533	alive	8500/3	--	--	--	not reported	C50.9	-15533.0	not reported	not reported	C50.9	98.0	--	--	--
91a2f2af-e4b1-4a0b-ab20-6a36ce63c533	TCGA-E2-A1LS	TCGA-BRCA	female	1964	white	not reported	--	not reported	not reported	C50.9	stage ia	16887	alive	8500/3	--	--	--	not reported	C50.9	-16887.0	not reported	not reported	C50.9	1604.0	--	--	--