case_id	submitter_id	project_id	cigarettes_per_day	weight	alcohol_history	alcohol_intensity	bmi	years_smoked	height
7317e605-93ba-49a9-8743-20613b02767a	TCGA-E2-A1LE	TCGA-BRCA	--	--	--	--	--	--	--
9964f447-92ad-4d1e-af20-11cf84fab7b0	TCGA-B6-A408	TCGA-BRCA	--	--	--	--	--	--	--
3558dec7-eae3-4a41-a217-266c6a4535fb	TCGA-E2-A1LI	TCGA-BRCA	--	--	--	--	--	--	--
408cb583-6dc3-4698-8bd2-e284042bd5ef	TCGA-E9-A1RH	TCGA-BRCA	--	--	--	--	--	--	--
eff2360e-399a-4167-ab2b-798e27bef739	TCGA-E2-A107	TCGA-BRCA	--	--	--	--	--	--	--
a851ca14-7bbf-455b-a054-ec03979a4247	TCGA-BH-A0DQ	TCGA-BRCA	--	--	--	--	--	--	--
91a2f2af-e4b1-4a0b-ab20-6a36ce63c533	TCGA-E2-A1LS	TCGA-BRCA	--	--	--	--	--	--	--